archive,member_path,extension,size_bytes,year_hint,sha256
nsmq 2021.zip,nsmq 2021/Contest 1.pdf,.pdf,297629,2021,194737f18022ed104043344d34d073497198c276811d8c767a005eb4f7c5156b
nsmq 2021.zip,nsmq 2021/Contest 1_2021.docx,.docx,19732,2021,0b9f19a987912e28519afafb1ed2b823f85cb8c69256a7e9b1108acb9995423f
nsmq 2021.zip,nsmq 2021/Contest 10_2021.docx,.docx,25538,2021,7c86cb38caecea3bfafe3c72691f126e3adcda26bc56bf258c968ca7411f1e13
nsmq 2021.zip,nsmq 2021/Contest 11_2021.docx,.docx,21162,2021,15cfc4f8fdaaff1d9726b25d512d98ee42d3c418aa5debef6ce77ef95e705ada
nsmq 2021.zip,nsmq 2021/Contest 12_2021.docx,.docx,20109,2021,169f851789016e51cee36021d51f3b88d21d8c1f6f03905beaa1bfc100ee04bb
nsmq 2021.zip,nsmq 2021/Contest 13_2021.docx,.docx,25426,2021,59afdde013a46fe9814ad579c2dd5cfd0b73c7b23484c509d8d7a1f971c3d597
nsmq 2021.zip,nsmq 2021/Contest 14_2021.docx,.docx,19810,2021,4ad159e7acb023024532941d2bd4d28e5fe93eec049d6c645f3314a00df12114
nsmq 2021.zip,nsmq 2021/Contest 15_2021.docx,.docx,20002,2021,92cccc00501145d0266cbea372b34eaa561a1071c295c82226e7033a18f912fd
nsmq 2021.zip,nsmq 2021/Contest 16_2021.docx,.docx,19681,2021,f003db38ebd2a27ae3e2151573bd316be9d9ab0b0d10919e063fbecda85889c5
nsmq 2021.zip,nsmq 2021/Contest 17_2021.docx,.docx,19391,2021,0aa507266e8fcbfa27a80a063fb867ddf664ae064f95936f5b384094e724d48a
nsmq 2021.zip,nsmq 2021/Contest 18_2021.docx,.docx,21030,2021,9db6367f0f293f958ecb5c9e6cf24eeec2adb6be04c8ec44311c9357c263a393
nsmq 2021.zip,nsmq 2021/Contest 19_2021.docx,.docx,20723,2021,4bd87e0ccf3f6e7be04887a291748aba84223621fb10cdbdf010fc1098301960
nsmq 2021.zip,nsmq 2021/Contest 2_2021.docx,.docx,20147,2021,5707089b30c15ba2a22a7d3a5c2e61f60cc03aaba1267a96b5411b8d6ca43c02
nsmq 2021.zip,nsmq 2021/Contest 20_2021.docx,.docx,19607,2021,2e37a1fe937317c0d2402a72ebb3caa048cebfc945499248dd7caa7f495cb0eb
nsmq 2021.zip,nsmq 2021/Contest 21_2021.docx,.docx,21271,2021,cbe1a686536c55309b58adfb61a18015fd390ca758254100c1c3d449958cd1e9
nsmq 2021.zip,nsmq 2021/Contest 22_2021.docx,.docx,20847,2021,157bce04a0b5f7475a4df5978eff6f8c7317ffd106e54af5a41c26ceaddbafdf
nsmq 2021.zip,nsmq 2021/Contest 23_2021.docx,.docx,20552,2021,260c5013ffcc114e095f0d25d69859526ebfb9976f5be809ad9dfe02bda92d47
nsmq 2021.zip,nsmq 2021/Contest 3_2021.docx,.docx,21359,2021,c7a6252ac89599747988cf8c36b9ded5161f4dec95b1569145b60787ba941fe6
nsmq 2021.zip,nsmq 2021/Contest 4_2021.docx,.docx,20431,2021,ae27e0603e88c02fc1f90d76ee4b420cda1d296c35fbcf3ab765898af14027be
nsmq 2021.zip,nsmq 2021/Contest 5_2021.docx,.docx,20503,2021,443a30e9b2929e2f55286d4b975a8fe9d239b857d85f996fcd9c29199acdc239
nsmq 2021.zip,nsmq 2021/Contest 6_2021.docx,.docx,19552,2021,735e6929f42293bf242ceec0fc887203d59599169ec6b5fdc06e3efa3cc9cf22
nsmq 2021.zip,nsmq 2021/Contest 7_2021.docx,.docx,18364,2021,b9d1380ab3aa77fc101774e2e84a99888c798f2b241744f4ce163c1ed8d44519
nsmq 2021.zip,nsmq 2021/Contest 8_2021.docx,.docx,19578,2021,3961ba78fc1c848a28a8e3e6f43b5d5f3f4c27034deb4e447076056f390a333d
nsmq 2021.zip,nsmq 2021/Contest 9_2021.docx,.docx,20058,2021,ee9fb82072c0168cb427330c697c29e03c5645d11e6acfd62e98e7cbac28a51c
nsmq 2021.zip,nsmq 2021/Contest Extra_2021.docx,.docx,15903,2021,d73d042c1f745762fca7fba3ee9b053ab4cd104d9c001b5c5af1b9780a7b6fef
nsmq 2021.zip,nsmq 2021/NATIONAL CONTEST 21.docx,.docx,155144,2021,d4e883e67a5d4ce6330d4620b9e964240689c88624f1ebb11c9944bc41bcf551
nsmq 2021.zip,nsmq 2021/NC 1.docx,.docx,19405,2021,d6a66b8e5921aa11ac4d1a22fb1498620af0a572428efc1dd5fd50efae9dbc58
nsmq 2021.zip,nsmq 2021/NC 10.docx,.docx,19292,2021,44ad83f5392b0c82b68929e1cc7c79920fb36cd0d500bb9cec2caf25bc9cfa2a
nsmq 2021.zip,nsmq 2021/NC 11.docx,.docx,20076,2021,14a9a9c5abf6abd333c5983348c362742f37d3449ef9098cc804178bd6f70b79
nsmq 2021.zip,nsmq 2021/NC 12.docx,.docx,19247,2021,26825d3100ff6e80d3437bcfbe78e92e25e65d7e7c2c66efd2d4506d976347ce
nsmq 2021.zip,nsmq 2021/NC 13.docx,.docx,18864,2021,9e9b2687861126e589ac3da1841c7e962374075032afe026e8b4bd6acc0ca4b1
nsmq 2021.zip,nsmq 2021/NC 14.docx,.docx,20035,2021,ca3c40ba39418b6ecedb0b1b242f5188662dc6a40d3027f8e5c6222a2fe55e07
nsmq 2021.zip,nsmq 2021/NC 2.docx,.docx,18594,2021,a636e0721f5bc4ec1479ab5f45d7d5d98453c074b5e62ab708587ffb6ddd0070
nsmq 2021.zip,nsmq 2021/NC 28.docx,.docx,20803,2021,ed1fd4a895074682c5e770d16a8ca49c487f572be755a460dc5ccb9fadd42b9b
nsmq 2021.zip,nsmq 2021/NC 29.docx,.docx,20536,2021,5c0ab334c291c305bcacd4bedad6df745adb099a9e6e5f9dfa01fb6d71ca6376
nsmq 2021.zip,nsmq 2021/NC 3.docx,.docx,21101,2021,1a40f2cd6a425d6860d2f289cd8761cd5b5948394c9ac3f26fd7fd6ce429c059
nsmq 2021.zip,nsmq 2021/NC 30.docx,.docx,21011,2021,5bb857cacfab3fe21519b158eb80b2edc2388811c1387e6599a1fb6671825a8e
nsmq 2021.zip,nsmq 2021/NC 31.docx,.docx,21008,2021,89cdc0dd6ddc99c30b8fd325d927f55a781329341f9a985a4142b9b61b2e81ca
nsmq 2021.zip,nsmq 2021/NC 32.docx,.docx,20542,2021,7eb9193766024c6e15292ff0bc46126dd245cdd8d51100dc2608849c0dff25ee
nsmq 2021.zip,nsmq 2021/NC 33.docx,.docx,21608,2021,4093149d83490dd5994719b7cc3d52de228ca094d8612a1c7e7e4dcadb5f5002
nsmq 2021.zip,nsmq 2021/NC 34.docx,.docx,19433,2021,60f30aee66b51a5c2b0346c86f780874a148282b3d2221f46deb5700388cb02c
nsmq 2021.zip,nsmq 2021/NC 35.docx,.docx,21430,2021,22e70bac5c64c4765d99c7d40dccb7c2264c226fad8dc7752e7a51197ce060e0
nsmq 2021.zip,nsmq 2021/NC 36.docx,.docx,19267,2021,79db2146b8377bbb448476d125553ad1d9b4b46422f921cdc962753409536e56
nsmq 2021.zip,nsmq 2021/NC 37.docx,.docx,19879,2021,32bb185ddd07a246b0df2011a76f561352a56ac9134cd465f8634c972d94d250
nsmq 2021.zip,nsmq 2021/NC 38.docx,.docx,18946,2021,33f5e7b84cb1316d0ae95aa5913f072dcb1a5c14e7e7e6376a67bce39aa0de5a
nsmq 2021.zip,nsmq 2021/NC 39.docx,.docx,21915,2021,8a209efa9f8fc46ea2004d9893e16c739f986fa9e2b3b8c3f63cf57d7b2b2aec
nsmq 2021.zip,nsmq 2021/NC 4.docx,.docx,19471,2021,487cdec8cfdb8870c2911aae6a643cea42fcf9bd3ba023541cb8754336bd7f62
nsmq 2021.zip,nsmq 2021/NC 40.docx,.docx,20828,2021,b741cbb892a81e378bfb1daca69be5850603daabe77df929a6be21d7fc5d741f
nsmq 2021.zip,nsmq 2021/NC 5.docx,.docx,19137,2021,c155c0821a66e3cabb6f01e29012d36c6c4ba0c3942feb96cca2c2c866bd92be
nsmq 2021.zip,nsmq 2021/NC 6.docx,.docx,20115,2021,81618725113dfac756752b7fcf07eb3ce36dc1634338f32b318e821b3f3069b0
nsmq 2021.zip,nsmq 2021/NC 7.docx,.docx,20615,2021,39290a8766e294d3182650475fd8ffc8f70c99ed6580eca073d04be033ef97a5
nsmq 2021.zip,nsmq 2021/NC 8.docx,.docx,19390,2021,ec94ae19dafecd7b5b31e5163d4e50e86ce90befebf0266f6bc64665345c6b1c
nsmq 2021.zip,nsmq 2021/NC 9.docx,.docx,18595,2021,c762ed37fd536c3efbd7317b0310d4721d3032c1d021dac3b59907691991c349
nsmq 2021.zip,nsmq 2021/NSMQ PRELIM 2021.docx,.docx,101285,2021,2b0185f53e2611f769d2252c0948c4d0724f89cc5ed957be1d796654517a1f77
nsmq 2021.zip,nsmq 2021/PHYSICS contest.docx,.docx,21301,2021,3d9579b998442c26fb2095920b89d4b247f5487ecdbf696216ca4630a5907bf6
nsmq 2021.zip,nsmq 2021/PROBLEM OF THE DAY 21.docx,.docx,137389,2021,0896a214ece60bfbe5a80834214c487e7fcdab48dbce26d7857374ade9cec7c3
nsmq 2021.zip,nsmq 2021/Problems of the Day for one eighth rounds.docx,.docx,22271,2021,a058c9bae0a1e6031f878657d43caaf932ddf57cc4ca43171622749ccc682d9a
nsmq 2021.zip,nsmq 2021/Problems of the Day for quarter finals and beyond.docx,.docx,21831,2021,2dfb6ce310b70130041938c83a9fdea5681ff5bdf0ff007218335c0d8e012540
nsmq 2021.zip,nsmq 2021/Riddle.docx,.docx,48444,2021,34c4e6db2a8719ed668ba6cab2c290c85a8d2dc46ddb001dbb0c1de372fdcc88
nsmq 2021.zip,nsmq 2021/Round 1 - Physics 2021 (PTC).docx,.docx,108057,2021,6eb9b895bd95cf074e5bba1124aa6d8870892d89baba7b0a8db1ae73219a7adf
nsmq 2021.zip,nsmq 2021/Round 1.docx,.docx,86460,2021,f2d8ce514542e75da2a59ca4483d311e8fc08a6fe5410095943ac221e3132573
nsmq 2021.zip,nsmq 2021/Round 2 - Physics 2021 (PTC).docx,.docx,64690,2021,f268b7f52e39d011189cdd166298626ef4f68013ee5e42d89eb421d11ebe302e
nsmq 2021.zip,nsmq 2021/Round 4 - Physics 2021 (PTC).docx,.docx,83279,2021,fc997599d6bcbfc3442e17b5ac8a177d05a6c98e8d9d13127afa8b985eeb2494
nsmq 2021.zip,nsmq 2021/Round 5 - Physics 2021 (PTC).docx,.docx,40524,2021,cadb816e8107ebec1a5427fe8d71985c2c80a1fb19275c480590fe61c34545eb
nsmq 2021.zip,nsmq 2021/ROUND ONE.pdf,.pdf,2689800,2021,748d2a8c21e201cc87664fec5b51083ea34fc590529fdbbad700ffbed7c4412e
nsmq 2021.zip,nsmq 2021/True or False.docx,.docx,64210,2021,14ad7a6b262fd463ea2513f7963486bdc8ae015e01a8df0dba9307a8a3c1db2b
NSMQ 2022.zip,NSMQ 2022/Biology 2022/~$ology 2022 - One-eighth - Finals.docx,.docx,162,2022,246893e182c17e26743173e01b1fdeba3dcd86e29c3fcc26eacd2a66a8846a5b
NSMQ 2022.zip,NSMQ 2022/Biology 2022/Biology 2022 - One-eighth - Finals.docx,.docx,68114,2022,308730cf650877d27a4951f32d6aed709cab1cd321aa8ba058a4ab6f23d79d8c
NSMQ 2022.zip,NSMQ 2022/Biology 2022/Biology Prelims/Biology contest 1.docx,.docx,7374,2022,1f79d1a71f058cf0dc06c4b8184f1d0078f47eef4e35d02fef3a9e74e6792b0f
NSMQ 2022.zip,NSMQ 2022/Biology 2022/Biology Prelims/Biology Contest 10.docx,.docx,7787,2022,235d80765baee2a4dafe3fcc1947bcf7ea9470ac282300a3f96450f3fa5dc3f4
NSMQ 2022.zip,NSMQ 2022/Biology 2022/Biology Prelims/Biology Contest 11.docx,.docx,7730,2022,e6545e29feedbd740931729d581055e9afc14b77e12699b436dec4b30e07a430
NSMQ 2022.zip,NSMQ 2022/Biology 2022/Biology Prelims/Biology Contest 12.docx,.docx,12815,2022,63a0d75468a938a7298afeb89885538156e97c44720070aaf2b2760a9a9e3610
NSMQ 2022.zip,NSMQ 2022/Biology 2022/Biology Prelims/Biology Contest 2.docx,.docx,8112,2022,58e88adf3fa17f547328653965eddd12b55594bfc24828c837cd293c7c5105ed
NSMQ 2022.zip,NSMQ 2022/Biology 2022/Biology Prelims/Biology Contest 3.docx,.docx,7881,2022,17d65b5953d196b0ce7b6a34b5fb8953d410aed00695b3a905d927162ce86f59
NSMQ 2022.zip,NSMQ 2022/Biology 2022/Biology Prelims/Biology Contest 4.docx,.docx,7694,2022,2be964a4931e63e445a2d61c51d1155fa1d58d0f8aa678991370d6b98f0cde69
NSMQ 2022.zip,NSMQ 2022/Biology 2022/Biology Prelims/Biology Contest 5 partial.docx,.docx,8123,2022,f055e44e3fdef3d00f6dc9c12af7076171472d58b1939cdd91de33fab3dbd1a8
NSMQ 2022.zip,NSMQ 2022/Biology 2022/Biology Prelims/Biology Contest 6.docx,.docx,7689,2022,a045eb9a0a62b8dabd31d9a57d45c56c5e62699babb7ad8719ca5e794e54651d
NSMQ 2022.zip,NSMQ 2022/Biology 2022/Biology Prelims/Biology Contest 7.docx,.docx,7665,2022,44f440e6610f3092ed07c5d6decb6ff754e56ba754ec01966a903ba6a62b2d2e
NSMQ 2022.zip,NSMQ 2022/Biology 2022/Biology Prelims/Biology Contest 8.docx,.docx,7792,2022,d3f3cae467d7f8b70926ca3e54feca80c6ea082be2a4df27442905e81b8a2ce9
NSMQ 2022.zip,NSMQ 2022/Biology 2022/Biology Prelims/Biology Contest 9.docx,.docx,7579,2022,b99bd382b1abd1e8edd8404681b882f6aa6562e94f62a31cf5802c6ea4fba782
NSMQ 2022.zip,NSMQ 2022/Biology 2022/Biology Prelims/Problem of the day -  Biology  Prelims.docx,.docx,17560,2022,c2495feddd6d13a18e6ba14b12ce33d4334dd51ae4c9a29c30ee78e1f97155db
NSMQ 2022.zip,NSMQ 2022/Chemistry 2022/~$elims_All Contests_Final.docx,.docx,162,2022,fa7391b5f7706259b1180456fa4520708962bbd922974f00b130709c6e49ebdd
NSMQ 2022.zip,NSMQ 2022/Chemistry 2022/FINALS_2022_edited_2.docx,.docx,119328,2022,02538c730d177e61eadd86a20b8b5a5be7b6ee59578cd9b158e168eb1ee61661
NSMQ 2022.zip,NSMQ 2022/Chemistry 2022/One Eighth Contests_Updated2.docx,.docx,93339,2022,8b0c689b81e5ab0f5f94c8f2c5f1a96aaf4f5149bbb6fa38d1e344eb246d5ff3
NSMQ 2022.zip,NSMQ 2022/Chemistry 2022/POTD_Prelims n Finals_2022.docx,.docx,41145,2022,a99571d355c509f8ca889fc403ab71ea5cca12564a458e8bd6b3af4d0e39b1da
NSMQ 2022.zip,NSMQ 2022/Chemistry 2022/Prelims_All Contests_Final.docx,.docx,90177,2022,e48d7618a2ea94b610f9253a4ee05a6146c9aefa363ad4da025797efc7be1d67
NSMQ 2022.zip,NSMQ 2022/Maths 2022/~$elim 2022.docx,.docx,162,2022,ad86ee3a961a500d4c87a948a1d5386bf9420b2e3fb91cce9d124e1373d9b6b0
NSMQ 2022.zip,NSMQ 2022/Maths 2022/ADDITIONAL CONTEST 22.docx,.docx,17769,2022,cafce77800ec96f96207127e0f3f60e2ed37dc6cef8838fa51012cad72d2482c
NSMQ 2022.zip,NSMQ 2022/Maths 2022/potd prelim 22.docx,.docx,108272,2022,03d2ac319d8723bd2e713a1593ffaabed9f31e2aa39716ae27a5cc9b3761bf4d
NSMQ 2022.zip,NSMQ 2022/Maths 2022/Pre C13 maths.docx,.docx,35196,2022,ddb91bc4c51da09865b0cf761d1236d107d03bdfd277555d8ae5c91e4331aca7
NSMQ 2022.zip,NSMQ 2022/Maths 2022/Prelim 2022.docx,.docx,265399,2022,804070259bf17ebee13ae472bb823dc7426a0a16e701581f7c03fb44d19856cb
NSMQ 2022.zip,NSMQ 2022/NSMQ 2022/Biology 2022/Biology 2022 - One-eighth - Finals.docx,.docx,68114,2022,308730cf650877d27a4951f32d6aed709cab1cd321aa8ba058a4ab6f23d79d8c
NSMQ 2022.zip,NSMQ 2022/NSMQ 2022/Biology 2022/Biology Prelims/Biology contest 1.docx,.docx,7374,2022,1f79d1a71f058cf0dc06c4b8184f1d0078f47eef4e35d02fef3a9e74e6792b0f
NSMQ 2022.zip,NSMQ 2022/NSMQ 2022/Biology 2022/Biology Prelims/Biology Contest 10.docx,.docx,7787,2022,235d80765baee2a4dafe3fcc1947bcf7ea9470ac282300a3f96450f3fa5dc3f4
NSMQ 2022.zip,NSMQ 2022/NSMQ 2022/Biology 2022/Biology Prelims/Biology Contest 11.docx,.docx,7730,2022,e6545e29feedbd740931729d581055e9afc14b77e12699b436dec4b30e07a430
NSMQ 2022.zip,NSMQ 2022/NSMQ 2022/Biology 2022/Biology Prelims/Biology Contest 12.docx,.docx,12815,2022,63a0d75468a938a7298afeb89885538156e97c44720070aaf2b2760a9a9e3610
NSMQ 2022.zip,NSMQ 2022/NSMQ 2022/Biology 2022/Biology Prelims/Biology Contest 2.docx,.docx,8112,2022,58e88adf3fa17f547328653965eddd12b55594bfc24828c837cd293c7c5105ed
NSMQ 2022.zip,NSMQ 2022/NSMQ 2022/Biology 2022/Biology Prelims/Biology Contest 3.docx,.docx,7881,2022,17d65b5953d196b0ce7b6a34b5fb8953d410aed00695b3a905d927162ce86f59
NSMQ 2022.zip,NSMQ 2022/NSMQ 2022/Biology 2022/Biology Prelims/Biology Contest 4.docx,.docx,7694,2022,2be964a4931e63e445a2d61c51d1155fa1d58d0f8aa678991370d6b98f0cde69
NSMQ 2022.zip,NSMQ 2022/NSMQ 2022/Biology 2022/Biology Prelims/Biology Contest 5 partial.docx,.docx,8123,2022,f055e44e3fdef3d00f6dc9c12af7076171472d58b1939cdd91de33fab3dbd1a8
NSMQ 2022.zip,NSMQ 2022/NSMQ 2022/Biology 2022/Biology Prelims/Biology Contest 6.docx,.docx,7689,2022,a045eb9a0a62b8dabd31d9a57d45c56c5e62699babb7ad8719ca5e794e54651d
NSMQ 2022.zip,NSMQ 2022/NSMQ 2022/Biology 2022/Biology Prelims/Biology Contest 7.docx,.docx,7665,2022,44f440e6610f3092ed07c5d6decb6ff754e56ba754ec01966a903ba6a62b2d2e
NSMQ 2022.zip,NSMQ 2022/NSMQ 2022/Biology 2022/Biology Prelims/Biology Contest 8.docx,.docx,7792,2022,d3f3cae467d7f8b70926ca3e54feca80c6ea082be2a4df27442905e81b8a2ce9
NSMQ 2022.zip,NSMQ 2022/NSMQ 2022/Biology 2022/Biology Prelims/Biology Contest 9.docx,.docx,7579,2022,b99bd382b1abd1e8edd8404681b882f6aa6562e94f62a31cf5802c6ea4fba782
NSMQ 2022.zip,NSMQ 2022/NSMQ 2022/Biology 2022/Biology Prelims/Problem of the day -  Biology  Prelims.docx,.docx,17560,2022,c2495feddd6d13a18e6ba14b12ce33d4334dd51ae4c9a29c30ee78e1f97155db
NSMQ 2022.zip,NSMQ 2022/NSMQ 2022/Chemistry 2022/~$elims_All Contests_Final.docx,.docx,162,2022,7584d539b2453a14e453a4b94e652af2071436dc13d43e8fbc9ef9af73d326bf
NSMQ 2022.zip,NSMQ 2022/NSMQ 2022/Chemistry 2022/FINALS_2022_edited_2.docx,.docx,119328,2022,02538c730d177e61eadd86a20b8b5a5be7b6ee59578cd9b158e168eb1ee61661
NSMQ 2022.zip,NSMQ 2022/NSMQ 2022/Chemistry 2022/One Eighth Contests_Updated2.docx,.docx,94492,2022,d17245c71fa06977607f611d960de97b8219e30f06bd9c4208472c31ed4c45a7
NSMQ 2022.zip,NSMQ 2022/NSMQ 2022/Chemistry 2022/POTD_Prelims n Finals_2022.docx,.docx,41145,2022,a99571d355c509f8ca889fc403ab71ea5cca12564a458e8bd6b3af4d0e39b1da
NSMQ 2022.zip,NSMQ 2022/NSMQ 2022/Chemistry 2022/Prelims_All Contests_Final.docx,.docx,90177,2022,e48d7618a2ea94b610f9253a4ee05a6146c9aefa363ad4da025797efc7be1d67
NSMQ 2022.zip,NSMQ 2022/NSMQ 2022/Maths 2022/~$elim 2022.docx,.docx,162,2022,fb746b4be38eb9fa79ebbe8e3400ef693b90a60a05db23e232abe8d791570a4c
NSMQ 2022.zip,NSMQ 2022/NSMQ 2022/Maths 2022/ADDITIONAL CONTEST 22.docx,.docx,17769,2022,cafce77800ec96f96207127e0f3f60e2ed37dc6cef8838fa51012cad72d2482c
NSMQ 2022.zip,NSMQ 2022/NSMQ 2022/Maths 2022/potd prelim 22.docx,.docx,108272,2022,03d2ac319d8723bd2e713a1593ffaabed9f31e2aa39716ae27a5cc9b3761bf4d
NSMQ 2022.zip,NSMQ 2022/NSMQ 2022/Maths 2022/Pre C13 maths.docx,.docx,35196,2022,ddb91bc4c51da09865b0cf761d1236d107d03bdfd277555d8ae5c91e4331aca7
NSMQ 2022.zip,NSMQ 2022/NSMQ 2022/Maths 2022/Prelim 2022.docx,.docx,265399,2022,804070259bf17ebee13ae472bb823dc7426a0a16e701581f7c03fb44d19856cb
NSMQ 2022.zip,NSMQ 2022/NSMQ 2022/Physics 2022/~$ysics - 2022.docx,.docx,162,2022,db1e3ff5d78c385ebd9d11ef689da2ccbb19110abdae4b02d292668ef76b0d37
NSMQ 2022.zip,NSMQ 2022/NSMQ 2022/Physics 2022/Physics - 2022.docx,.docx,267841,2022,177b05e86a47b652fdeb2b0c64cb0184441329b78f7e277189c4ea8e00485c63
NSMQ 2022.zip,NSMQ 2022/Physics 2022/~$ysics - 2022.docx,.docx,162,2022,175a6d8ce597ce37af18a90a8cb24e6f98434ba9c9bf3e44d0c3870f11fe3c8e
NSMQ 2022.zip,NSMQ 2022/Physics 2022/Physics - 2022.docx,.docx,267633,2022,336f96ffe799c41078293d21ee9a748133ce208a629e5143b6f35240b6c32631
NSMQ2020.zip,Contest 1-2020.docx,.docx,20461,2020,404ec430a8a9d821becbd48c51f521ad1bfb34e5dfc780a274c6928eeefcb656
NSMQ2020.zip,Contest 10-2020.docx,.docx,23612,2020,1e2eb52436eb72e0b891cb07325411efef2e6068ebd5b11dc7fd362e54eea814
NSMQ2020.zip,Contest 11-2020.docx,.docx,20044,2020,ddd3bc5b2b49b669a43686d619faae37993302832d4ddb8356569328c8d9851f
NSMQ2020.zip,Contest 12-2020.docx,.docx,22023,2020,b0ff728f3f62e6d876645309678bed7b9404a58b61bcd402e6667e8c845edb75
NSMQ2020.zip,Contest 13-2020.docx,.docx,21101,2020,fb2cebd2a8351be936875e95750b69985845efc759111f7343b98440a0272083
NSMQ2020.zip,Contest 14-2020.docx,.docx,21228,2020,71f86db856fb9813adbfb178d5f89d2d53bdf2b609658077226883ed2a118b41
NSMQ2020.zip,Contest 15-2020.docx,.docx,23879,2020,d70be83ab3a403b3eb0f4671db872572072c15581c4040f8b93a0baeffbedbb6
NSMQ2020.zip,Contest 16-2020.docx,.docx,22460,2020,82c6120a20fa2e5bf2f32bcf6500718057449d774c5a55ec5d3befec61c1619b
NSMQ2020.zip,Contest 17-2020.docx,.docx,20504,2020,90860541cf6e32ad31162ece028f477b2a2c214c7a88b3cb8e2fdc0b2bd2f904
NSMQ2020.zip,Contest 18-2020.docx,.docx,22302,2020,14587c5fc47429a891e6152d9fd024ae49470e72b584dd3358fc48fb1966ca40
NSMQ2020.zip,Contest 19-2020.docx,.docx,22919,2020,a446eddfb399bed736a0abeac29f14c7e40f1329263c96e5d32a1b84a85e0660
NSMQ2020.zip,Contest 2-2020 .docx,.docx,19912,2020,2dba90722d34ff1afafa0251bc948082f11780f681d66ea78bc563cf2b60727b
NSMQ2020.zip,Contest 20-2020.docx,.docx,22929,2020,8dbebe5bc9f22741bbfcafcfe36110a8be9be91a700a468a031327c82f99aca7
NSMQ2020.zip,Contest 21-2020.docx,.docx,23013,2020,b2c3efb11f1c361876c486ce9ea9a824b0816a509db0fe6cba60a6692e9093da
NSMQ2020.zip,Contest 22-2020.docx,.docx,20985,2020,39b65dd9bd4e177197c122d39468a07949dfe5b1f85a52b6022ffdba86fb2f4b
NSMQ2020.zip,Contest 23-2020.docx,.docx,21338,2020,2fe5b7b9bfe8806087320b27d0e7991ca05959f2a507fb1e4d0a48163658528a
NSMQ2020.zip,Contest 24-2020.docx,.docx,21137,2020,10366aae2ee147516c7346300dd96d8f2d9695a52d3306da88df9fa0408e91da
NSMQ2020.zip,Contest 25-2020.docx,.docx,20620,2020,1d13dce1dbaf474c0f17056eafdf2f3bc6cbdfadd3427f92688cfee7741cde6a
NSMQ2020.zip,Contest 26-2020.docx,.docx,20987,2020,aecd61d78f5f62b07658df9882a9c14e7aa83c01979f48e27a432a16e1199229
NSMQ2020.zip,Contest 27-2020.docx,.docx,21575,2020,dad4bd175b7f06e4e4afec8744a18a99f0ec6712bdc1d00470defd33da111dd2
NSMQ2020.zip,Contest 28-2020.docx,.docx,21573,2020,54931df07287699680361577b7e3201d515f62426c7cea3709e2c56c2dc83db6
NSMQ2020.zip,Contest 29-2020.docx,.docx,21312,2020,b603c06cba405f28ccac815a6cbef42258fe46dc42709ee7819f79b2e08a6282
NSMQ2020.zip,Contest 3-2020.docx,.docx,20217,2020,317d87d451c5ef9e3df83109c98e276593c413075cdf3308955f1087590a5c75
NSMQ2020.zip,Contest 30-2020.docx,.docx,22003,2020,9ae65cdcaae170a8418f6101d36c2afc209314b0cd833e0c311b8e48554be671
NSMQ2020.zip,Contest 31-2020.docx,.docx,21808,2020,0e59148bb1ab882c510156196893812e503ebd9d2569f10b0968df31794afe0f
NSMQ2020.zip,Contest 32-2020.docx,.docx,22866,2020,762186b15e8ce5011359f5089488541687d806767c23103a4bd5ff4f1dcc9640
NSMQ2020.zip,Contest 33-2020.docx,.docx,21617,2020,df15a38bd2f84996f5e1f0343bfc62c8b8e969abb3b638dea0d44cf514513430
NSMQ2020.zip,Contest 34-2020.docx,.docx,21907,2020,461e0c2c1e5932a64ad350588601efae97d3830d849c25b3a913adecca8e9102
NSMQ2020.zip,Contest 35-2020.docx,.docx,23262,2020,c68ad31f59ec799c14b4d6291c3c844c12513eead09b7d23aaefd67bd93848a0
NSMQ2020.zip,Contest 36-2020.docx,.docx,21990,2020,1340ef3c918fd2f7a676b356ad4dc8c6bd976e95d905915b17125ff49958ab36
NSMQ2020.zip,Contest 4-2020.docx,.docx,21824,2020,7bed22b46ef87b7543c36645b19ffa447333dc6119ace113c273d2075f27adb3
NSMQ2020.zip,Contest 5-2020.docx,.docx,20240,2020,945d9da08a5444d3e0d2ec86f90ee76257f6af1454d56c912739591de18167ae
NSMQ2020.zip,Contest 6-2020.docx,.docx,21176,2020,0e57488d5354cdadc5ee8495caa1dffaee76e0b9c93a92b9e983ce5879f9bee6
NSMQ2020.zip,Contest 7-2020.docx,.docx,21306,2020,ca25b16196e5b0feb76a9c8ede68fe9306466d8143aa16071aadc8f2b39662b2
NSMQ2020.zip,Contest 8-2020.docx,.docx,22138,2020,ad5d9aef1035b34b59fc4ef6f29e774ec7bbe5ed0c8d221af06ced95d2d97fa6
NSMQ2020.zip,Contest 9-2020.docx,.docx,23169,2020,16ff0a9272820a8872a1d0c373747fc0ccaee59ee369d01562a20a1676e171af
NSMQ2020.zip,EXTRA R4.docx,.docx,14941,,ac2a0089d58e8cebbde2b1feab1bf0664811ccb8ba3d39f04ebc9828b6f1c82f
NSMQ2020.zip,NC 1.docx,.docx,17554,,f780729ae815f1c193036f63bcd6a8c6aeecca1ad51272279469cc9db3229fee
NSMQ2020.zip,NC 10.docx,.docx,19374,,3126adab5f721e0295fb55a78b3d44f08c9ed19f45f520c0005eec75d9434f5e
NSMQ2020.zip,NC 11.docx,.docx,18461,,5f7788c28dad58ee0fcf8283f11123d7974d002ce443e2438ca561b35d7fc203
NSMQ2020.zip,NC 12.docx,.docx,18558,,5d03b396d6f5b2400c3c06bb7b078e5f117672d9d15730bb24b1ec9725bad2d3
NSMQ2020.zip,NC 13.docx,.docx,18825,,87ac8c9abf34202f1afeebc0403f2c0c3b47740a65fb1d2b30c55ae30f7af88b
NSMQ2020.zip,NC 14.docx,.docx,18721,,66a1bdb8a69a4fe363d625d31306eb1fe5b057f0569616feefd385a81a0afbb8
NSMQ2020.zip,NC 15.docx,.docx,19270,,962d4bbf098049eb0b564cedf80e6aa3bcdd3df966def34de04e2736264d0ce9
NSMQ2020.zip,NC 16.docx,.docx,18476,,b48b5ef99689e6440a76e12b48fbe9ffc13b7a3cbdcde2247deb0246f3b6b7f1
NSMQ2020.zip,NC 17.docx,.docx,18020,,a7030cf12afa2bf391fb85bae34a3ae0e51528c94a1e351ec34e28aef3329265
NSMQ2020.zip,NC 18.docx,.docx,19187,,8af2d26c4c43e64ccdca25c0fc4f4f7e711f34d823206a6cefe7954bca0afd44
NSMQ2020.zip,NC 19.docx,.docx,18046,,6149f7ef1bcddeef5dc2f09154c0397362cd35af84040d906f24facf2af34a52
NSMQ2020.zip,NC 2.docx,.docx,17366,,95cf935d41e3d1f7d5ff98ca8260931f198531207aa55ad43ce2cdac67462dae
NSMQ2020.zip,NC 20.docx,.docx,18117,,35743f758ed2e84543ee7719562127309cee97df0a29f88c32006b93edbbd0ae
NSMQ2020.zip,NC 21.docx,.docx,19055,,f1b8cb48fa19478cb4b2aeec8a16638a3b6c26ccccbea952810da6d0ba0736be
NSMQ2020.zip,NC 22.docx,.docx,18989,,a384e3b045bd674c71e2498a94546ed406730b0b17b0382181ad4f0df7257402
NSMQ2020.zip,NC 23.docx,.docx,19601,,f100041232ae3851f3682e35160d2251619cd3d8886fe28e2e6b1411d37f996b
NSMQ2020.zip,NC 24.docx,.docx,19322,,a6f6f1065ab65ce40f8dfcc644cec8be8fadf96a92b54e3f02ff5104c7291746
NSMQ2020.zip,NC 25.docx,.docx,19070,,6ae985ba7c254cfdf22c01d1859b3c3fe7cd90ac93aa36378a878dca5c1b3b73
NSMQ2020.zip,NC 26.docx,.docx,18214,,304c374e433165c67478ecf27981c9f1858986f30a0be10a65a03bbec32ad799
NSMQ2020.zip,NC 27.docx,.docx,18029,,3697901e6e2acd253fd8a3d5a3ae7b0ae2dc7e90e72d94912e9dc730fc7e8f4c
NSMQ2020.zip,NC 28.docx,.docx,19904,,3d042d79913fcbafeffb0b6809b56dd41c84aa1563d48afab85a875ee05b6687
NSMQ2020.zip,NC 29.docx,.docx,19813,,20d54cc467bfcc425fb7f81a7973e1a52aa7008457ede171fb0fac6507498a00
NSMQ2020.zip,NC 3.docx,.docx,16990,,6b32e630a68e68302eb243808769727cfa8525ca20cfbe5b58d17d39a9d37992
NSMQ2020.zip,NC 30.docx,.docx,19603,,b73ef26a94c7265a166be0e10b20f887eeea9534092e532ce8565d52f6a49b89
NSMQ2020.zip,NC 31.docx,.docx,18824,,0106c5ae3ef3723662084bc649e8f76f2dba174049b6ffe4961ac15be42ea209
NSMQ2020.zip,NC 32.docx,.docx,20373,,12fbc2f29c8d7dcaff4f4345db9709fda0d7142251bc41e0ada6707e10dba4b5
NSMQ2020.zip,NC 33.docx,.docx,19555,,9be96d401ac3600a38766d5c0d1cf89850f191f1a743e96bfa5e40e6c52859c1
NSMQ2020.zip,NC 34.docx,.docx,20799,,185a11232be4a135298012e549ea022a6e50101a9156ee5b2a166d92a8eec8e5
NSMQ2020.zip,NC 35.docx,.docx,20125,,f1a5b03abf29bcbd0c61f8b802bd8ab5a55807f78ef8f078b3945c82cedd8081
NSMQ2020.zip,NC 36.docx,.docx,20012,,422398d2031ca1696dd59b6d8f7c7ee131614ec4d7126485852c8189e7a6ef86
NSMQ2020.zip,NC 37.docx,.docx,21151,,5d26b5a51dc594ab431eba2292969bf875d783bcaf6b58ceef80100b95445ffe
NSMQ2020.zip,NC 38.docx,.docx,21423,,78846b82f099a450198c784eed3e022d18618731080ecec0bf0df04e14eed725
NSMQ2020.zip,NC 39.docx,.docx,28268,,29ee6060f5cb46fedb2afd224b74e709b2c0e767c7a084b48aa1df1257c80850
NSMQ2020.zip,NC 4.docx,.docx,19440,,fa89fb8d0ebece6125fed56f109c7c9b6b9f0939811e09a89fec97aff69281a8
NSMQ2020.zip,NC 40.docx,.docx,21074,,d7ae54aadeb20eb6131ec0d1e61912bf67ea25eff9369d4176df7ec477bec649
NSMQ2020.zip,NC 5.docx,.docx,18782,,b71e2f8aca3418dd3f91f0bae978346595ad6bc06980d6d032ea120a164d9f3f
NSMQ2020.zip,NC 6.docx,.docx,18964,,35561d3f9fbb6ede7e9efd4748798cc39063609e2e592f765f588fdc6d748216
NSMQ2020.zip,NC 7.docx,.docx,18339,,7025e12534e7fe88bc698e1e4fb3855ee16d9e75b4cb921cf5fbae1e64251da2
NSMQ2020.zip,NC 8.docx,.docx,18127,,4fab5787b99d200ac86cb5fadb027bbc690e5d5411dc2fc5ebbfc0f03b1a625b
NSMQ2020.zip,NC 9.docx,.docx,17656,,6858f679229f647b5152c8527c686b67bbcd1623034b7aaa94360f5f6f53cc09
NSMQ2020.zip,NSMQ 2020 Mathematics One-Eighth .docx,.docx,341016,2020,55c8b08b6f335cd0051c269cb3e921a09c337d19c13026ccd5cdb189b175ecad
NSMQ2020.zip,NSMQ 2020 Mathematics One-Eighth to Finals POTD.docx,.docx,96209,2020,38184876d6ab996d68d59ea39cb9eda658a3f9e913af20c4c8c2013dbfcf79a1
NSMQ2020.zip,NSMQ 2020 Prelims Maths.docx,.docx,181328,2020,b3b3f11ddbb35a88228e77dfd0cb8a2f5e832fb201c2e7d87bd9d014224771a3
NSMQ2020.zip,NSMQ 2020 Prelims POTD.docx,.docx,56340,2020,1f18b34456430069f7fd19f41130294c3378e7b0fcb6bb1b34a251926d183e82
NSMQ2020.zip,One-Eighth - Finals Riddles .docx,.docx,36085,,a3fd8f8e24b9d266d5c7aa09eed87ba8d8f78d982ea1255eddd29a32882eff93
NSMQ2020.zip,One-Eighth - Finals Round 1.docx,.docx,66191,,01703d85adf932d53be53889fcbe82d1f6d1578c825be17d5b018c0568a8578b
NSMQ2020.zip,One-Eighth - Finals Speed Race.docx,.docx,41122,,ea4103bc223f1fb495f5541f544a3f8fc3a8ae3008e7e1551145b9e7ed6a8e52
NSMQ2020.zip,One-Eighth - Finals True or False.docx,.docx,48133,,ff865a8d28af7b275ca5291c6d7f073b94839c698492bd5b2bb4838e8b698598
NSMQ2020.zip,POTD - Physics 2020.docx,.docx,70865,2020,5bc55300ce20dda5d56a522b106d236d0a5dccbf4feeed8d0bb5e43f70401bf6
NSMQ2020.zip,Prelims Riddles .docx,.docx,32486,,14ad9bb43f3e8f9c83ba2500e5c298dd86d00623f5bcce14eb5326dbb9b44565
NSMQ2020.zip,Prelims Round 1 - Physics 2020.docx,.docx,134164,2020,c50342e0f9c92bd74d4f2372fc075117be9f75cbd7f1dee9b40b0baec243cb0d
NSMQ2020.zip,Prelims Round 1.docx,.docx,52089,,650389a566bfabcd067d3f47a6cdc4b460072ce27c1597bc055e333e7ba390cc
NSMQ2020.zip,Prelims Round 2 - Physics 2020.docx,.docx,90247,2020,62e85617f12fe9b5472e7ea81566e266f2c42621cb835f7edbb7772d648619cd
NSMQ2020.zip,Prelims Round 4 - Physics 2020.docx,.docx,65416,2020,191357f6519b05a0f360e9d6fe554717b96e2c06f5e4f0f4ce095c6d1a2f15cb
NSMQ2020.zip,Prelims Round 5 - Physics 2020.docx,.docx,39328,2020,73d4f063ff6aad9e40385531909b427cd98f1e3f349618f22069e5c41f77a48d
NSMQ2020.zip,Prelims Speed Race.docx,.docx,31729,,819087aeea977db829f6a2ae7f9062f4bd2aae15b76a765688afbb21beb1a1d4
NSMQ2020.zip,Prelims True or false.docx,.docx,42670,,2135ff99f1bee2f035e33b134927e3d15389a07901fe3acbd05b8db498d8e992
NSMQ2020.zip,PROBLEM OF THE DAY-2020.docx,.docx,42418,2020,9d24187f0f8021f43d037de7a8d1403245a8e3f03193751a1755c041ad88f889
NSMQ2020.zip,Problem of the day.docx,.docx,1365623,,9295d3bf43cbd5ea74ed89bf786255997d43156ca15a5abfd9747254b900f609
NSMQ2020.zip,PROBLEM OF THE DAY_1.docx,.docx,61034,,c7a8449364f25cf638d880813600b07b9a8796a0bab984fad70ce8ca5fadeb7f
NSMQ2020.zip,Round 1 - Physics 2020.docx,.docx,202925,2020,2035421845fe3288f366de32fe0ffb81dfee31cc42549fb8ae0ab9fe52e3e3f7
NSMQ2020.zip,Round 2 - Physics 2020.docx,.docx,111586,2020,11013df7642a551243b6465751b9f881e48f4d22050bc12d7141d1d276966d80
NSMQ2020.zip,Round 4 - Physics 2020.docx,.docx,79825,2020,449e61669f65093fcc90022cbfe4a6118b163ca554f3ae3c8c85896c9ad22d60
NSMQ2020.zip,Round 5 - Physics 2020.docx,.docx,42007,2020,42a856a825371b4676b69018f3d7bb3da43398430b6323a9b2ec2d7604bafe42
